"CV","r","r_sq","Wilks_Lambda","Chi_sq","df","p_value","Significant"
"CV1",0.9196,0.8456,0.1316,357.97,25,0,"*"
"CV2",0.299,0.0894,0.8521,28.25,16,0.0295468140117794,"*"
"CV3",0.2485,0.0618,0.9358,11.71,9,0.229886998659684,""
"CV4",0.0463,0.0021,0.9974,0.46,4,0.977083936537767,""
"CV5",0.0217,5e-04,0.9995,0.08,1,0.773580893893024,""
