"Variable","Chi_sq","df","p_value","Sig"
"Life_expectancy",104.91,5,4.87629274059376e-21,"*"
"Adult_Mortality",83.08,5,1.90353601410717e-16,"*"
"Schooling",93.09,5,1.50883261620212e-18,"*"
"Income_composition",88.04,5,1.73409575242518e-17,"*"
"BMI",94.44,5,7.83371488840578e-19,"*"
"GDP_log",60.56,5,9.30393450660754e-12,"*"
"Diphtheria",51.43,5,7.06685112064695e-10,"*"
"Polio",46.91,5,5.9333068157451e-09,"*"
