"","Africa","Asia","Europe","North America","Oceania"
"Asia",1.36808839117703e-20,NA,NA,NA,NA
"Europe",6.21345234652322e-34,1.88837242326831e-05,NA,NA,NA
"North America",1.46923078996107e-18,1,0.296500990764677,NA,NA
"Oceania",2.23233741102862e-08,1,0.0386993384787615,1,NA
"South America",5.95713788755315e-12,1,0.294513437382626,1,1
