"Term","Coefficient","p_value"
"(Intercept)",69.2249,2.36785776797169e-246
"PC1",2.9477,3.11648698727192e-84
"PC2",-1.8813,5.35335483381012e-28
"PC3",-0.0558,0.740506686015307
"PC4",-1.9857,5.43589937209269e-20
"PC5",0.0635,0.786379992194139
