"n_PCs","RMSE","R2"
1,4.61650827492813,0.7571264628044
2,3.71490317974357,0.843549553225358
3,3.74465798876356,0.837160797356316
4,2.94145975256819,0.900955978669956
5,3.12348711690955,0.885275434978762
6,2.96347725665449,0.898145420905577
7,2.79821738820986,0.909695132978632
8,2.67427333825884,0.914501559842211
9,2.60472802791449,0.920212641706249
10,2.56726092474987,0.923031003983964
