"Variable","F","p","eta_sq","Sig"
"Life_expectancy",57.95,1.70851424501077e-35,0.621,"*"
"Adult_Mortality",34.22,2.2601664678454e-24,0.492,"*"
"Schooling",34.23,2.24308355858258e-24,0.492,"*"
"Income_composition",29.51,1.00113635343665e-21,0.455,"*"
"BMI",47.11,8.39270788066847e-31,0.571,"*"
"GDP_log",18,2.05270658182249e-14,0.337,"*"
"Diphtheria",14.79,4.08386769306992e-12,0.295,"*"
"Polio",13.74,2.43415494357894e-11,0.28,"*"
